index,display_column,gate,qubits,exact_parameter_expression,trainable
0,0,rz,0,3.073859005675975,False
1,1,rx,0,2.082818860290887,False
2,2,rz,0,-2.5551848794268333,False
3,0,rz,1,2.1407958233205253,False
4,1,rx,1,1.0734553893244143,False
5,2,rz,1,-2.0908542655992868,False
6,3,rx,1,0.55*theta3,True
7,4,rx,1,0.23*theta6,True
8,5,rx,1,0.03925039319364509*theta8,True
9,6,rx,1,0.09385963589784696*theta10,True
10,7,rz,1,1.5707963267948966,False
11,8,rx,1,0.03925039319364509*theta13,True
12,9,rx,1,0.09385963589784696*theta15,True
13,10,rz,1,-1.5707963267948966,False
14,11,rx,1,0.1042146620395444*theta8,True
15,12,rx,1,0.2492089744423888*theta10,True
16,13,rz,1,1.5707963267948966,False
17,14,rx,1,0.1042146620395444*theta13,True
18,15,rx,1,0.2492089744423888*theta15,True
19,16,rz,1,-1.5707963267948966,False
20,17,rx,1,0.23*theta8,True
21,18,rx,1,0.55*theta10,True
22,19,rz,1,1.5707963267948966,False
23,20,rx,1,0.23*theta13,True
24,21,rx,1,0.55*theta15,True
25,22,rz,1,-1.5707963267948966,False
26,23,rx,1,0.000014819590792190981*theta26,True
27,24,rx,1,0.00003543815189436974*theta28,True
28,25,rz,1,1.5707963267948966,False
29,26,rx,1,0.000014819590792190981*theta31,True
30,27,rx,1,0.00003543815189436974*theta32,True
31,28,rz,1,-1.5707963267948966,False
32,29,rx,1,0.000046648823274290596*theta26,True
33,30,rx,1,0.00011155153391678186*theta28,True
34,31,rz,1,1.5707963267948966,False
35,32,rx,1,0.000046648823274290596*theta31,True
36,33,rx,1,0.00011155153391678186*theta32,True
37,34,rz,1,-1.5707963267948966,False
38,35,rx,1,0.0001597371785208282*theta26,True
39,36,rx,1,0.0003819802095063284*theta28,True
40,37,rz,1,1.5707963267948966,False
41,38,rx,1,0.0001597371785208282*theta31,True
42,39,rx,1,0.0003819802095063284*theta32,True
43,40,rz,1,-1.5707963267948966,False
44,41,rx,1,0.021325006375093672*theta26,True
45,42,rx,1,0.05099458046218052*theta28,True
46,43,rz,1,1.5707963267948966,False
47,44,rx,1,0.021325006375093672*theta31,True
48,45,rx,1,0.05099458046218052*theta32,True
49,0,rz,2,-1.5707963267948966,False
50,1,rx,2,-2.70896440858357,False
51,2,rx,2,0.23*theta2,True
52,3,rz,2,1.5707963267948966,False
53,4,rx,2,0.55*theta5,True
54,5,rx,2,0.09385963589784696*theta11,True
55,6,rx,2,0.2492089744423888*theta11,True
56,7,rx,2,0.55*theta11,True
57,8,rx,2,0.00003543815189436974*theta29,True
58,9,rx,2,0.00011155153391678186*theta29,True
59,10,rx,2,0.0003819802095063284*theta29,True
60,11,rx,2,0.05099458046218052*theta29,True
61,0,rz,3,1.5707963267948966,False
62,1,rx,3,1.3592528056222068,False
63,2,rz,3,0.24888144966196268,False
64,3,rx,3,0.55*theta1,True
65,4,rz,3,0.23*theta4,True
66,0,rx,4,-0.4614077591440875,False
67,1,rz,4,-1.5707963267948966,False
68,2,rx,4,0.55*theta3,True
69,3,rx,4,0.23*theta6,True
70,4,rz,4,1.5707963267948966,False
71,0,rz,5,-1.5707963267948963,False
72,1,rx,5,2.717522822934979,False
73,2,rx,5,0.23*theta2,True
74,3,rz,5,1.5707963267948966,False
75,4,rx,5,0.55*theta5,True
76,0,rz,6,0.4245363814091956,False
77,1,rx,6,1.5332018945219086,False
78,2,rz,6,2.7808855426231025,False
79,46,cz,0 6,,False
80,47,rx,0,-2.910474299340621,False
81,48,rz,0,-3.8085490287298613,False
82,47,rx,6,0.5806135838959251,False
83,48,rz,6,4.380363775254599,False
84,49,cz,0 6,,False
85,50,rx,0,0.050941387626779536,False
86,51,rz,0,0.03709522165267387,False
87,50,rx,6,2.3889506992553016,False
88,51,rz,6,-0.4395873761226028,False
89,0,rz,7,-3.1062913105943006,False
90,1,rx,7,0.9223556702453196,False
91,2,rz,7,-1.7360129033666776,False
92,3,rx,7,0.55*theta3,True
93,4,rx,7,0.23*theta6,True
94,5,rz,7,1.5707963267948966,False
95,6,rx,7,0.03925039319364509*theta18,True
96,7,rx,7,0.09385963589784696*theta20,True
97,8,rz,7,-1.5707963267948966,False
98,9,rx,7,0.03925039319364509*theta23,True
99,10,rx,7,0.15687447248242978*theta8,True
100,11,rx,7,0.37513460811015814*theta10,True
101,12,rz,7,1.5707963267948966,False
102,13,rx,7,0.15687447248242978*theta13,True
103,14,rx,7,0.37513460811015814*theta15,True
104,15,rx,7,0.000014819590792190981*theta36,True
105,16,rx,7,0.00003543815189436974*theta37,True
106,17,rz,7,-1.5707963267948966,False
107,18,rx,7,0.000014819590792190981*theta41,True
108,19,rz,7,1.5707963267948966,False
109,20,rx,7,0.000046648823274290596*theta36,True
110,21,rx,7,0.00011155153391678186*theta37,True
111,22,rz,7,-1.5707963267948966,False
112,23,rx,7,0.000046648823274290596*theta41,True
113,24,rz,7,1.5707963267948966,False
114,25,rx,7,0.0001597371785208282*theta36,True
115,26,rx,7,0.0003819802095063284*theta37,True
116,27,rz,7,-1.5707963267948966,False
117,28,rx,7,0.0001597371785208282*theta41,True
118,29,rz,7,1.5707963267948966,False
119,0,rz,8,-0.8963792366260392,False
120,1,rx,8,1.2212247837586532,False
121,2,rz,8,-0.38242674349586814,False
122,3,rx,8,0.23*theta2,True
123,4,rz,8,1.5707963267948966,False
124,5,rx,8,0.55*theta5,True
125,6,rx,8,0.09385963589784696*theta16,True
126,7,rz,8,-1.5707963267948966,False
127,8,rx,8,0.09385963589784696*theta21,True
128,9,rz,8,1.5707963267948966,False
129,10,rx,8,0.37513460811015814*theta11,True
130,11,rx,8,0.00003543815189436974*theta34,True
131,12,rz,8,-1.5707963267948966,False
132,13,rx,8,0.00003543815189436974*theta38,True
133,14,rz,8,1.5707963267948966,False
134,15,rx,8,0.00011155153391678186*theta34,True
135,16,rz,8,-1.5707963267948966,False
136,17,rx,8,0.00011155153391678186*theta38,True
137,18,rz,8,1.5707963267948966,False
138,19,rx,8,0.0003819802095063284*theta34,True
139,20,rz,8,-1.5707963267948966,False
140,21,rx,8,0.0003819802095063284*theta38,True
141,22,rz,8,1.5707963267948966,False
142,0,rz,9,3.0075131385199416,False
143,1,rx,9,1.2249464294310424,False
144,2,rz,9,-0.08847620901429121,False
145,52,cz,0 9,,False
146,53,rx,0,-2.7900837675340564,False
147,54,rz,0,-3.2672063954274857,False
148,53,rx,9,0.9017351984350253,False
149,54,rz,9,1.7917458726845954,False
150,55,cz,0 9,,False
151,56,rx,0,0.10551210330765086,False
152,57,rz,0,-1.6223631221741792,False
153,56,rx,9,1.794545869754236,False
154,57,rz,9,1.5347988357008964,False
155,0,rz,10,-0.8388014564095658,False
156,1,rx,10,1.358678380471835,False
157,2,rz,10,-0.3984332687577603,False
158,3,rx,10,0.55*theta3,True
159,4,rx,10,0.23*theta6,True
160,5,rz,10,1.5707963267948966,False
161,6,rx,10,0.1042146620395444*theta18,True
162,7,rx,10,0.2492089744423888*theta20,True
163,8,rz,10,-1.5707963267948966,False
164,9,rx,10,0.1042146620395444*theta23,True
165,10,rz,10,1.5707963267948966,False
166,11,rx,10,0.00003543815189436974*theta42,True
167,12,rz,10,-1.5707963267948966,False
168,13,rx,10,0.000014819590792190981*theta45,True
169,14,rx,10,0.00003543815189436974*theta47,True
170,15,rz,10,1.5707963267948966,False
171,16,rx,10,0.021325006375093672*theta36,True
172,17,rx,10,0.05099458046218052*theta37,True
173,18,rz,10,-1.5707963267948966,False
174,19,rx,10,0.021325006375093672*theta41,True
175,20,rz,10,1.5707963267948966,False
176,0,rz,11,0.013585659388398064,False
177,1,rx,11,1.5308151982759477,False
178,2,rz,11,1.2431355767507979,False
179,3,rx,11,0.23*theta2,True
180,4,rz,11,1.5707963267948966,False
181,5,rx,11,0.55*theta5,True
182,6,rx,11,0.2492089744423888*theta16,True
183,7,rz,11,-1.5707963267948966,False
184,8,rx,11,0.2492089744423888*theta21,True
185,9,rx,11,0.00003543815189436974*theta43,True
186,10,rz,11,1.5707963267948966,False
187,11,rx,11,0.00003543815189436974*theta48,True
188,12,rx,11,0.05099458046218052*theta34,True
189,13,rz,11,-1.5707963267948966,False
190,14,rx,11,0.05099458046218052*theta38,True
191,15,rz,11,1.5707963267948966,False
192,0,rz,12,-0.8079272825598287,False
193,1,rx,12,2.4711142030305577,False
194,2,rz,12,-2.7922849140437744,False
195,58,cz,6 12,,False
196,59,rx,6,-2.9541996884740085,False
197,60,rz,6,-1.5707963267948966,False
198,59,rx,12,1.4482370932993263,False
199,60,rz,12,2.6487838718586234,False
200,61,cz,6 12,,False
201,62,rx,6,-0.6257916138248016,False
202,63,rz,6,1.5707963267948912,False
203,62,rx,12,1.235277749035014,False
204,63,rz,12,-0.8752882196081666,False
205,0,rz,13,-0.26328794101347963,False
206,1,rx,13,0.9555948513663144,False
207,2,rz,13,-1.4834982969781567,False
208,3,rx,13,0.55*theta3,True
209,4,rx,13,0.23*theta6,True
210,5,rz,13,1.5707963267948966,False
211,6,rx,13,0.15687447248242978*theta18,True
212,7,rx,13,0.37513460811015814*theta20,True
213,8,rz,13,-1.5707963267948966,False
214,9,rx,13,0.15687447248242978*theta23,True
215,10,rx,13,0.025769916683784345*theta8,True
216,11,rx,13,0.061623713809049525*theta10,True
217,12,rz,13,1.5707963267948966,False
218,13,rx,13,0.025769916683784345*theta13,True
219,14,rx,13,0.061623713809049525*theta15,True
220,15,rx,13,0.00011155153391678186*theta42,True
221,16,rz,13,-1.5707963267948966,False
222,17,rx,13,0.000046648823274290596*theta45,True
223,18,rx,13,0.00011155153391678186*theta47,True
224,19,rz,13,1.5707963267948966,False
225,0,rz,14,-2.0816507620227784,False
226,1,rx,14,1.9486463645131304,False
227,2,rz,14,-0.2495965247659524,False
228,3,rx,14,0.23*theta2,True
229,4,rz,14,1.5707963267948966,False
230,5,rx,14,0.55*theta5,True
231,6,rx,14,0.37513460811015814*theta16,True
232,7,rz,14,-1.5707963267948966,False
233,8,rx,14,0.37513460811015814*theta21,True
234,9,rz,14,1.5707963267948966,False
235,10,rx,14,0.061623713809049525*theta11,True
236,11,rz,14,-1.5707963267948966,False
237,12,rx,14,0.00011155153391678186*theta43,True
238,13,rz,14,1.5707963267948966,False
239,14,rx,14,0.00011155153391678186*theta48,True
240,0,rz,15,1.5707963267948966,False
241,1,rx,15,0.9757205580616639,False
242,2,rz,15,0.1841760766715672,False
243,3,rx,15,0.55*theta1,True
244,4,rz,15,0.23*theta4,True
245,0,rx,16,0.4157197653951483,False
246,1,rz,16,-1.5707963267948966,False
247,2,rx,16,0.55*theta3,True
248,3,rx,16,0.23*theta6,True
249,4,rz,16,1.5707963267948966,False
250,0,rz,17,-1.5707963267948806,False
251,1,rx,17,-3.13677258025631,False
252,2,rx,17,0.23*theta2,True
253,3,rz,17,1.5707963267948966,False
254,4,rx,17,0.55*theta5,True
255,0,rz,18,-0.894012017673953,False
256,1,rx,18,1.6254883696062703,False
257,2,rz,18,0.4490269668597233,False
258,64,cz,0 18,,False
259,65,rx,0,-2.7363839806927985,False
260,66,rz,0,-1.5707963267948966,False
261,65,rx,18,1.4147122338424492,False
262,66,rz,18,3.8457864389419996,False
263,67,cz,0 18,,False
264,68,rx,0,-2.2337541139663517,False
265,69,rz,0,1.5707963267948957,False
266,70,cz,0 6,,False
267,71,cz,0 9,,False
268,72,rx,0,-0.1,False
269,73,cz,0 9,,False
270,74,cz,0 6,,False
271,75,rx,0,0.1,False
272,76,cz,6 0,,False
273,77,cz,6 9,,False
274,78,rx,6,0.1,False
275,79,cz,6 9,,False
276,80,cz,6 0,,False
277,81,rx,6,0.1,False
278,82,cz,9 0,,False
279,83,cz,9 6,,False
280,84,rx,9,0.1,False
281,85,cz,9 6,,False
282,86,rz,6,-1.5707963267948966,False
283,87,rx,6,0.1,False
284,88,rz,6,1.5707963267948966,False
285,89,cz,9 0,,False
286,90,cz,0 6,,False
287,90,rz,9,-1.5707963267948966,False
288,91,rx,9,0.1,False
289,92,rz,9,1.5707963267948966,False
290,93,cz,0 9,,False
291,94,rx,0,0.1,False
292,95,cz,0 9,,False
293,96,cz,0 6,,False
294,97,rz,0,-1.5707963267948966,False
295,98,rx,0,-0.1,False
296,99,rz,0,1.5707963267948966,False
297,100,cz,0 6,,False
298,68,rx,18,2.476658612303131,False
299,69,rz,18,1.3064955545674355,False
300,0,rz,19,-2.955654329871166,False
301,1,rx,19,1.2015632047388038,False
302,2,rz,19,1.1730007823169597,False
303,3,rx,19,0.55*theta3,True
304,4,rx,19,0.23*theta6,True
305,5,rz,19,1.5707963267948966,False
306,6,rx,19,0.23*theta18,True
307,7,rx,19,0.55*theta20,True
308,8,rz,19,-1.5707963267948966,False
309,9,rx,19,0.23*theta23,True
310,10,rz,19,1.5707963267948966,False
311,11,rx,19,0.0003819802095063284*theta42,True
312,12,rz,19,-1.5707963267948966,False
313,13,rx,19,0.0001597371785208282*theta45,True
314,14,rx,19,0.0003819802095063284*theta47,True
315,15,rz,19,1.5707963267948966,False
316,16,rx,19,0.05099458046218052*theta42,True
317,17,rz,19,-1.5707963267948966,False
318,18,rx,19,0.021325006375093672*theta45,True
319,19,rx,19,0.05099458046218052*theta47,True
320,20,rz,19,1.5707963267948966,False
321,0,rz,20,-0.2856666399206462,False
322,1,rx,20,1.9543906125928752,False
323,2,rz,20,0.2672778109758829,False
324,3,rx,20,0.23*theta2,True
325,4,rz,20,1.5707963267948966,False
326,5,rx,20,0.55*theta5,True
327,6,rx,20,0.55*theta16,True
328,7,rz,20,-1.5707963267948966,False
329,8,rx,20,0.55*theta21,True
330,9,rx,20,0.0003819802095063284*theta43,True
331,10,rz,20,1.5707963267948966,False
332,11,rx,20,0.0003819802095063284*theta48,True
333,12,rz,20,-1.5707963267948966,False
334,13,rx,20,0.05099458046218052*theta43,True
335,14,rz,20,1.5707963267948966,False
336,15,rx,20,0.05099458046218052*theta48,True
337,0,rz,21,0.13540987292568207,False
338,1,rx,21,1.9162331859621289,False
339,2,rz,21,-2.4237747585765645,False
340,0,rz,22,-2.837623730162089,False
341,1,rx,22,1.8744787747049463,False
342,2,rz,22,1.6643273841374588,False
343,3,rx,22,0.55*theta3,True
344,4,rx,22,0.23*theta6,True
345,5,rx,22,0.026265319333844343*theta8,True
346,6,rx,22,0.06280837232006256*theta10,True
347,7,rz,22,1.5707963267948966,False
348,8,rx,22,0.026265319333844343*theta13,True
349,9,rx,22,0.06280837232006256*theta15,True
350,0,rz,23,-1.5707963267948963,False
351,1,rx,23,0.7329844496097647,False
352,2,rx,23,0.23*theta2,True
353,3,rz,23,1.5707963267948966,False
354,4,rx,23,0.55*theta5,True
355,5,rx,23,0.06280837232006256*theta11,True
356,0,rz,24,3.132515747974388,False
357,1,rx,24,1.3168318435406428,False
358,2,rz,24,-0.1702413859583416,False
359,10,cz,21 24,,False
360,11,rx,21,-2.985933698378955,False
361,12,rz,21,-1.5707963267948983,False
362,11,rx,24,0.44776244657434466,False
363,12,rz,24,1.457208510933227,False
364,13,cz,21 24,,False
365,14,rx,21,1.5558380888358154,False
366,15,rz,21,1.5707963267948974,False
367,16,rx,21,0.55*theta1,True
368,17,rz,21,0.23*theta4,True
369,18,rx,21,0.06280837232006256*theta7,True
370,14,rx,24,1.658553019636241,False
371,15,rz,24,1.5751480287850006,False
372,16,rx,24,0.55*theta1,True
373,17,rz,24,0.23*theta4,True
374,19,cz,24 21,,False
375,20,rz,24,-1.5707963267948966,False
376,21,rx,24,0.03197517136294094*theta9,True
377,22,cz,24 21,,False
378,23,rz,21,-1.5707963267948966,False
379,24,rx,21,0.06280837232006256*theta12,True
380,25,cz,24 21,,False
381,26,rx,24,0.03197517136294094*theta14,True
382,27,cz,24 21,,False
383,28,rx,24,0.06280837232006256*theta17,True
384,29,rz,24,1.5707963267948966,False
385,30,cz,21 24,,False
386,31,rx,21,0.03197517136294094*theta19,True
387,32,rz,21,1.5707963267948966,False
388,33,cz,21 24,,False
389,34,rx,24,0.06280837232006256*theta22,True
390,35,cz,24 21,,False
391,36,rz,24,-1.5707963267948966,False
392,37,rx,24,0.03197517136294094*theta24,True
393,38,rz,24,1.5707963267948966,False
394,39,cz,24 21,,False
395,0,rz,25,2.8352340042170256,False
396,1,rx,25,1.095700155018767,False
397,2,rz,25,1.67904577660601,False
398,3,rx,25,0.55*theta3,True
399,4,rx,25,0.23*theta6,True
400,5,rz,25,1.5707963267948966,False
401,6,rx,25,0.026265319333844343*theta18,True
402,7,rx,25,0.06280837232006256*theta20,True
403,8,rz,25,-1.5707963267948966,False
404,9,rx,25,0.026265319333844343*theta23,True
405,10,rz,25,1.5707963267948966,False
406,0,rz,26,-1.6933425552111734,False
407,1,rx,26,2.185920413804098,False
408,2,rz,26,-0.07095333801365689,False
409,3,rx,26,0.23*theta2,True
410,4,rz,26,1.5707963267948966,False
411,5,rx,26,0.55*theta5,True
412,6,rx,26,0.06280837232006256*theta16,True
413,7,rz,26,-1.5707963267948966,False
414,8,rx,26,0.06280837232006256*theta21,True
415,9,rz,26,1.5707963267948966,False
416,0,rz,27,-0.01263987265313915,False
417,1,rx,27,1.8839127142480154,False
418,2,rz,27,0.6959084585518593,False
419,70,cz,12 27,,False
420,71,rx,12,-3.043113400814087,False
421,72,rz,12,-1.5707963267948983,False
422,71,rx,27,0.22348044548589047,False
423,72,rz,27,-1.5543076584639408,False
424,73,cz,12 27,,False
425,74,rx,12,-1.658089970431495,False
426,75,rz,12,1.5707963267948983,False
427,101,cz,0 12,,False
428,102,rx,0,-0.1,False
429,103,cz,0 12,,False
430,104,cz,0 6,,False
431,105,rx,0,0.1,False
432,106,cz,6 0,,False
433,107,cz,6 12,,False
434,108,rx,6,0.1,False
435,109,cz,6 12,,False
436,110,cz,6 0,,False
437,111,rx,6,0.1,False
438,112,cz,12 0,,False
439,113,cz,12 6,,False
440,114,rx,12,0.1,False
441,115,cz,12 6,,False
442,116,rz,6,-1.5707963267948966,False
443,117,rx,6,0.1,False
444,118,rz,6,1.5707963267948966,False
445,119,cz,12 0,,False
446,120,cz,0 6,,False
447,120,rz,12,-1.5707963267948966,False
448,121,rx,12,-0.1,False
449,122,rz,12,1.5707963267948966,False
450,123,cz,0 12,,False
451,124,rx,0,-0.1,False
452,125,cz,0 12,,False
453,126,cz,0 6,,False
454,127,rz,0,-1.5707963267948966,False
455,128,rx,0,-0.1,False
456,129,rz,0,1.5707963267948966,False
457,130,cz,0 6,,False
458,131,cz,0 18,,False
459,132,rx,0,-0.1,False
460,133,cz,0 18,,False
461,134,cz,0 6,,False
462,135,rx,0,0.1,False
463,136,cz,6 0,,False
464,137,cz,6 18,,False
465,138,rx,6,0.1,False
466,139,cz,6 18,,False
467,140,cz,6 0,,False
468,141,rx,6,0.1,False
469,140,rx,12,0.55*theta1,True
470,141,rz,12,0.23*theta4,True
471,142,cz,18 0,,False
472,143,cz,18 6,,False
473,144,rx,18,0.1,False
474,145,cz,18 6,,False
475,146,rz,6,-1.5707963267948966,False
476,147,rx,6,0.1,False
477,148,rz,6,1.5707963267948966,False
478,149,cz,18 0,,False
479,150,cz,0 6,,False
480,150,rz,18,-1.5707963267948966,False
481,151,rx,18,0.1,False
482,152,rz,18,1.5707963267948966,False
483,153,cz,0 18,,False
484,154,rx,0,0.1,False
485,155,cz,0 18,,False
486,156,cz,0 6,,False
487,157,rz,0,-1.5707963267948966,False
488,158,rx,0,-0.1,False
489,159,rz,0,1.5707963267948966,False
490,160,cz,0 9,,False
491,161,cz,0 18,,False
492,162,rx,0,-0.1,False
493,163,cz,0 18,,False
494,164,cz,0 9,,False
495,165,rx,0,0.12923924567309036,False
496,165,rx,6,0.55*theta1,True
497,166,rz,6,0.23*theta4,True
498,167,cz,9 0,,False
499,168,cz,9 18,,False
500,169,rx,9,0.1,False
501,170,cz,9 18,,False
502,171,cz,9 0,,False
503,172,rx,9,0.1,False
504,173,cz,18 0,,False
505,174,cz,18 9,,False
506,175,rx,18,0.2570119295840846,False
507,176,cz,18 9,,False
508,177,rz,9,-1.5707963267948966,False
509,178,rx,9,0.1,False
510,179,rz,9,1.5707963267948966,False
511,180,cz,18 0,,False
512,181,cz,0 9,,False
513,181,rz,18,-1.5707963267948966,False
514,182,rx,18,0.1,False
515,183,rz,18,1.5707963267948966,False
516,184,cz,0 18,,False
517,185,rx,0,0.1,False
518,186,cz,0 18,,False
519,187,cz,0 9,,False
520,188,rx,0,0.55*theta1,True
521,189,rz,0,0.23*theta4,True
522,190,rx,0,0.09385963589784696*theta7,True
523,191,cz,6 0,,False
524,192,rz,6,-1.5707963267948966,False
525,193,rx,6,0.04778308736617663*theta9,True
526,194,cz,6 0,,False
527,195,rz,0,-1.5707963267948966,False
528,196,rx,0,0.09385963589784696*theta12,True
529,197,cz,6 0,,False
530,198,rx,6,0.04778308736617663*theta14,True
531,199,cz,6 0,,False
532,200,rx,6,0.09385963589784696*theta17,True
533,201,rz,6,1.5707963267948966,False
534,202,cz,0 6,,False
535,203,rx,0,0.04778308736617663*theta19,True
536,204,rz,0,1.5707963267948966,False
537,205,cz,0 6,,False
538,206,rx,6,0.09385963589784696*theta22,True
539,207,cz,6 0,,False
540,208,rz,6,-1.5707963267948966,False
541,209,rx,6,0.04778308736617663*theta24,True
542,210,rz,6,1.5707963267948966,False
543,211,cz,6 0,,False
544,212,rx,0,0.2492089744423888*theta7,True
545,212,rx,6,0.37513460811015814*theta7,True
546,188,rx,9,0.55*theta1,True
547,189,rz,9,0.23*theta4,True
548,213,cz,9 0,,False
549,214,rz,9,-1.5707963267948966,False
550,215,rx,9,0.12687002335248884*theta9,True
551,216,cz,9 0,,False
552,217,rz,0,-1.5707963267948966,False
553,218,rx,0,0.2492089744423888*theta12,True
554,219,cz,9 0,,False
555,220,rx,9,0.12687002335248884*theta14,True
556,221,cz,9 0,,False
557,222,rx,9,0.2492089744423888*theta17,True
558,223,rz,9,1.5707963267948966,False
559,224,cz,0 9,,False
560,225,rx,0,0.12687002335248884*theta19,True
561,226,rz,0,1.5707963267948966,False
562,227,cz,0 9,,False
563,228,rx,9,0.2492089744423888*theta22,True
564,229,cz,9 0,,False
565,230,rz,9,-1.5707963267948966,False
566,231,rx,9,0.12687002335248884*theta24,True
567,232,cz,9 0,,False
568,233,rx,0,0.55*theta7,True
569,233,cz,12 6,,False
570,234,rz,12,-1.5707963267948966,False
571,235,rx,12,0.19097761867426233*theta9,True
572,236,cz,12 6,,False
573,237,rz,6,-1.5707963267948966,False
574,238,rx,6,0.37513460811015814*theta12,True
575,239,cz,12 6,,False
576,240,rx,12,0.19097761867426233*theta14,True
577,241,cz,12 6,,False
578,242,rx,12,0.37513460811015814*theta17,True
579,243,rz,12,1.5707963267948966,False
580,244,cz,6 12,,False
581,245,rx,6,0.19097761867426233*theta19,True
582,246,cz,6 12,,False
583,247,rx,12,0.37513460811015814*theta22,True
584,248,cz,12 6,,False
585,249,rz,12,-1.5707963267948966,False
586,250,rx,12,0.19097761867426233*theta24,True
587,251,rz,12,1.5707963267948966,False
588,252,cz,12 6,,False
589,253,rx,12,0.061623713809049525*theta7,True
590,187,rx,18,0.55*theta1,True
591,188,rz,18,0.23*theta4,True
592,254,cz,18 0,,False
593,255,rz,18,-1.5707963267948966,False
594,256,rx,18,0.28*theta9,True
595,257,cz,18 0,,False
596,258,rz,0,-1.5707963267948966,False
597,259,rx,0,0.55*theta12,True
598,260,cz,18 0,,False
599,261,rx,18,0.28*theta14,True
600,262,cz,18 0,,False
601,263,rx,18,0.55*theta17,True
602,264,rz,18,1.5707963267948966,False
603,265,cz,0 18,,False
604,266,rx,0,0.28*theta19,True
605,267,rz,0,1.5707963267948966,False
606,268,cz,0 18,,False
607,269,rx,18,0.55*theta22,True
608,270,cz,18 0,,False
609,271,rz,18,-1.5707963267948966,False
610,272,rx,18,0.28*theta24,True
611,273,cz,18 0,,False
612,274,rx,0,0.00003543815189436974*theta25,True
613,275,cz,6 0,,False
614,276,cz,6 9,,False
615,277,rx,6,0.000018041240964406413*theta27,True
616,278,cz,6 9,,False
617,279,cz,6 0,,False
618,280,rz,0,-1.5707963267948966,False
619,281,rx,0,0.00003543815189436974*theta30,True
620,282,cz,9 0,,False
621,283,cz,9 6,,False
622,284,rx,9,0.000018041240964406413*theta33,True
623,285,rz,9,1.5707963267948966,False
624,286,cz,9 6,,False
625,287,rx,6,0.00003543815189436974*theta35,True
626,288,rz,6,1.5707963267948966,False
627,289,cz,9 0,,False
628,290,cz,0 6,,False
629,291,cz,0 9,,False
630,292,rx,0,0.000018041240964406413*theta39,True
631,293,rz,0,1.5707963267948966,False
632,294,cz,0 9,,False
633,295,cz,0 6,,False
634,296,rx,6,0.00003543815189436974*theta40,True
635,297,cz,6 0,,False
636,295,rx,9,0.00003543815189436974*theta44,True
637,298,cz,6 9,,False
638,299,rz,6,-1.5707963267948966,False
639,300,rx,6,0.000018041240964406413*theta46,True
640,301,cz,6 9,,False
641,302,cz,6 0,,False
642,303,rx,0,0.00011155153391678186*theta25,True
643,304,cz,6 0,,False
644,74,rx,27,1.5780869637219195,False
645,75,rz,27,-1.567613589270687,False
646,76,rx,27,0.55*theta1,True
647,77,rz,27,0.23*theta4,True
648,274,cz,27 12,,False
649,275,rz,27,-1.5707963267948966,False
650,276,rx,27,0.03137207248460703*theta9,True
651,277,cz,27 12,,False
652,278,rz,12,-1.5707963267948966,False
653,279,rx,12,0.061623713809049525*theta12,True
654,280,cz,27 12,,False
655,281,rx,27,0.03137207248460703*theta14,True
656,282,cz,27 12,,False
657,283,rx,27,0.061623713809049525*theta17,True
658,284,rz,27,1.5707963267948966,False
659,285,cz,12 27,,False
660,286,rx,12,0.03137207248460703*theta19,True
661,287,cz,12 27,,False
662,288,rx,27,0.061623713809049525*theta22,True
663,289,cz,27 12,,False
664,290,rz,27,-1.5707963267948966,False
665,291,rx,27,0.03137207248460703*theta24,True
666,292,rz,27,1.5707963267948966,False
667,293,cz,27 12,,False
668,305,cz,6 12,,False
669,306,rx,6,0.000056789871812179856*theta27,True
670,307,cz,6 12,,False
671,308,cz,6 0,,False
672,309,rz,0,-1.5707963267948966,False
673,310,rx,0,0.00011155153391678186*theta30,True
674,311,cz,12 0,,False
675,312,cz,12 6,,False
676,313,rx,12,0.000056789871812179856*theta33,True
677,314,rz,12,1.5707963267948966,False
678,315,cz,12 6,,False
679,316,rx,6,0.00011155153391678186*theta35,True
680,317,rz,6,1.5707963267948966,False
681,318,cz,12 0,,False
682,319,cz,0 6,,False
683,320,cz,0 12,,False
684,321,rx,0,0.000056789871812179856*theta39,True
685,322,rz,0,1.5707963267948966,False
686,323,cz,0 12,,False
687,324,cz,0 6,,False
688,325,rx,6,0.00011155153391678186*theta40,True
689,326,cz,6 0,,False
690,324,rx,12,0.00011155153391678186*theta44,True
691,327,cz,6 12,,False
692,328,rz,6,-1.5707963267948966,False
693,329,rx,6,0.000056789871812179856*theta46,True
694,330,cz,6 12,,False
695,331,cz,6 0,,False
696,332,rx,0,0.0003819802095063284*theta25,True
697,333,cz,6 0,,False
698,334,cz,6 18,,False
699,335,rx,6,0.00019446265211231262*theta27,True
700,336,cz,6 18,,False
701,337,cz,6 0,,False
702,338,rz,0,-1.5707963267948966,False
703,339,rx,0,0.0003819802095063284*theta30,True
704,340,cz,18 0,,False
705,341,cz,18 6,,False
706,342,rx,18,0.00019446265211231262*theta33,True
707,343,rz,18,1.5707963267948966,False
708,344,cz,18 6,,False
709,345,rx,6,0.0003819802095063284*theta35,True
710,346,rz,6,1.5707963267948966,False
711,347,cz,18 0,,False
712,348,cz,0 6,,False
713,349,cz,0 18,,False
714,350,rx,0,0.00019446265211231262*theta39,True
715,351,rz,0,1.5707963267948966,False
716,352,cz,0 18,,False
717,353,cz,0 6,,False
718,354,rx,6,0.0003819802095063284*theta40,True
719,355,cz,6 0,,False
720,353,rx,18,0.0003819802095063284*theta44,True
721,356,cz,6 18,,False
722,357,rz,6,-1.5707963267948966,False
723,358,rx,6,0.00019446265211231262*theta46,True
724,359,rz,6,1.5707963267948966,False
725,360,cz,6 18,,False
726,361,cz,6 0,,False
727,362,rx,0,0.05099458046218052*theta25,True
728,363,cz,9 0,,False
729,364,cz,9 18,,False
730,365,rz,9,-1.5707963267948966,False
731,366,rx,9,0.025960877326200994*theta27,True
732,367,cz,9 18,,False
733,368,cz,9 0,,False
734,369,rz,0,-1.5707963267948966,False
735,370,rx,0,0.05099458046218052*theta30,True
736,371,cz,18 0,,False
737,372,cz,18 9,,False
738,373,rz,18,-1.5707963267948966,False
739,374,rx,18,0.025960877326200994*theta33,True
740,375,rz,18,1.5707963267948966,False
741,376,cz,18 9,,False
742,377,rx,9,0.05099458046218052*theta35,True
743,378,rz,9,1.5707963267948966,False
744,379,cz,18 0,,False
745,380,cz,0 9,,False
746,381,cz,0 18,,False
747,382,rx,0,0.025960877326200994*theta39,True
748,383,rz,0,1.5707963267948966,False
749,384,cz,0 18,,False
750,385,cz,0 9,,False
751,386,rx,9,0.05099458046218052*theta40,True
752,387,cz,9 0,,False
753,385,rx,18,0.05099458046218052*theta44,True
754,388,cz,9 18,,False
755,389,rz,9,-1.5707963267948966,False
756,390,rx,9,0.025960877326200994*theta46,True
757,391,rz,9,1.5707963267948966,False
758,392,cz,9 18,,False
759,393,cz,9 0,,False
760,0,rz,28,2.859367663583824,False
761,1,rx,28,1.9487936456349195,False
762,2,rz,28,1.4135177416138438,False
763,3,rx,28,0.55*theta3,True
764,4,rx,28,0.23*theta6,True
765,5,rz,28,1.5707963267948966,False
766,6,rx,28,0.025769916683784345*theta18,True
767,7,rx,28,0.061623713809049525*theta20,True
768,8,rz,28,-1.5707963267948966,False
769,9,rx,28,0.025769916683784345*theta23,True
770,10,rz,28,1.5707963267948966,False
771,0,rz,29,-1.8110288202678102,False
772,1,rx,29,0.6937269776359075,False
773,2,rz,29,0.1861635366677783,False
774,3,rx,29,0.23*theta2,True
775,4,rz,29,1.5707963267948966,False
776,5,rx,29,0.55*theta5,True
777,6,rx,29,0.061623713809049525*theta16,True
778,7,rz,29,-1.5707963267948966,False
779,8,rx,29,0.061623713809049525*theta21,True
780,9,rz,29,1.5707963267948966,False
